{"slight disadvantage": {"sleep": -27.46742683940567, "expand": -25.76487013747175, "attack": -27.316842860169015, "defend": -26.914065290952905, "grow": -27.260238083940635}, "slight advantage": {"sleep": -25.669605294728754, "expand": -25.571569004811614, "attack": -25.056269179959777, "defend": -24.956853838232753, "grow": -25.065952728450423}, "large advantage": {"sleep": -3.66727995667014, "expand": -10.43428310078615, "attack": -10.53500741378259, "defend": -7.163572984336167, "grow": -5.650421810490659}, "defeat": {"sleep": -5.34666252676055, "expand": -8.27934558985557, "attack": -6.0806066799217895, "defend": -8.597094876994568, "grow": -5.040191538603684}, "large disadvantage": {"sleep": -25.06503518978778, "expand": -25.153552558084957, "attack": -28.888242596460096, "defend": -22.740256595901016, "grow": -25.578076045477907}, "win": {"sleep": -0.1684149269516577, "expand": -2.2929035712064914, "attack": -0.4, "defend": -0.22315610645231398, "grow": -4.327974434049801}}